,AUC_Mean,AUC_Std,MSE_Mean,MSE_Std,Time_Mean,Time_Std
TabPFN,0.81356966,0.0153303395789004,0.27451000000000003,0.018494050394653946,12.18891835451126,0.7137287667122407
CatBoost,0.7989018000000001,0.01922155071059565,0.27798,0.020913144192110374,1.3261911106109618,0.3520615399993535
RandomForest,0.78864162,0.020407036415305377,0.27726,0.018591191462625514,2.630162138938904,0.5883819586262385
XGBoost,0.7805051000000002,0.020869030055802783,0.29335,0.02082996639459603,0.4090099573135376,0.1024477559468246
L-SLR,0.68510576,0.02811052375503524,0.4460800000000001,0.07012969128692925,0.8982840824127197,0.28654686605776125
SLR,0.6742970399999999,0.022563532415789855,0.46075000000000005,0.023263436977368584,8.670113458633423,0.8384735367455809
