,AUC_Mean,AUC_Std,MSE_Mean,MSE_Std,Time_Mean,Time_Std
TabPFN,0.7498247999999998,0.02652366661983219,0.30001,0.023581558472670967,17.892116186618804,1.321718033357723
CatBoost,0.7288125599999999,0.025171998275989146,0.32594,0.024671368020440215,1.5790036749839782,0.43874881357450984
RandomForest,0.7250038599999999,0.024805761248959876,0.33058,0.02354577669137291,2.474655668735504,0.5001753984439509
XGBoost,0.7176027,0.02509536054074538,0.33829,0.02532480799532348,0.45459695100784303,0.11076222625936241
SLR,0.5592298200000001,0.032653529716825405,0.45378999999999997,0.026311706520102413,28.745437295436858,0.8759979920074937
L-SLR,0.5487886799999999,0.04033429208226668,0.46074999999999994,0.032516572697626055,1.5737515878677368,0.5536434786381322
