,AUC_Mean,AUC_Std,MSE_Mean,MSE_Std,Time_Mean,Time_Std
SLR,0.9304968,0.006289715999947841,0.1473,0.0069577295147195805,90.27351174354553,13.999703415059376
TabPFN,0.9287402,0.006267158491693033,0.15199999999999997,0.008966604708583955,19.265679168701173,2.4280881921429462
CatBoost,0.922582,0.005769450649758604,0.1567,0.008683893136145794,16.830615448951722,1.0547046982189452
XGBoost,0.9200316000000001,0.006428783138355178,0.1617,0.005848931526355903,8.174255061149598,0.740316302615721
RandomForest,0.9066134,0.007555777924211379,0.176,0.007071067811865471,217.9521446943283,16.955576611868146
L-SLR,0.4913187999999999,0.023816084181913697,0.5067,0.017216561793807744,2.6058552503585815,1.2724882783759002
